"","Co_morbidities","mean_percent","lower_percent","upper_percent","n_studies"
"1","Hypertension",14.4820354465731,0.323910482921084,33.3333333333333,4
"2","Diabetes",14.5466904698289,0.485865724381625,38.8174807197943,4
"3","Renal_Disease",0.103062426383981,0.103062426383981,0.103062426383981,1
"4","HIV",4.76190476190476,4.76190476190476,4.76190476190476,1
"5","TB",0.132508833922261,0.132508833922261,0.132508833922261,1
"6","Asthma",4.76190476190476,4.76190476190476,4.76190476190476,1
"7","Leprosy",0.0441696113074205,0.0441696113074205,0.0441696113074205,1
"8","Thyroid",1.14942528735632,1.14942528735632,1.14942528735632,1
