"","mean_percent","lower_percent","upper_percent","n_studies"
"1",39.3267023466507,2.17391304347826,76.9230769230769,19
