"","Education_level","mean_percent","lower_percent","upper_percent","n_studies"
"1","Illiterate",33.1026483785863,29.8200514138817,38.7186629526462,3
"2","Literate",66.7259720155868,61.2813370473538,69.6658097686375,3
