"","Outcome","mean_percent","lower_percent","upper_percent","n_studies"
"1","Amputation",14.6823899542506,0.77120822622108,63.1578947368421,23
"2","Cured",33.4297949906612,2.17391304347826,96.969696969697,14
"3","Improved",62.4867724867725,59.2592592592593,65.7142857142857,2
"4","Lost_to_Followup",22.3225365720463,0,54.339378238342,14
"5","Not_Improved",18.7084520417854,7.40740740740741,33.3333333333333,3
"6","Not_reported",43.6081843673892,0,99.2287917737789,28
"7","Recurrence",17.6343326474422,0,52.7777777777778,11
"8","Remission",42.8333333333333,41.6666666666667,44,2
