"","Residency","mean_percent","lower_percent","upper_percent","n_studies"
"1","Not_reported",10.5944288977708,0,46.6666666666667,9
"2","Rural",72.8226534010596,39.3316195372751,100,9
"3","Urban",16.5829177011696,0,56.0411311053985,9
